{"max": [5.34106, 1.95403, -16.5195], "centroid": [2.9556325317335372, 0.7818619546535155, -21.58799549226287], "id": "d31aaca67fd8ef1827d17dabad15093", "numVertices": 4459, "min": [0.589877, 0.0439622, -26.4852]}
