{"max": [0.000338811, 0.0391476, 0.762072], "centroid": [-0.12617544377324036, -0.038644825486181734, 0.3534230724322535], "id": "af4343c5b78b70b11082f2ea630bf69e", "numVertices": 42327, "min": [-0.252061, -0.0777414, -7.874e-06]}
