{"max": [12.9117, 12.835, 28.3858], "centroid": [0.245947315464008, 7.796067422348189, -18.106698771780348], "id": "36aaae334d636ec28043db94fbc8c982", "numVertices": 4224, "min": [-12.0993, 0.0, -65.8102]}
