{"max": [-1.67941, 0.681363, -2.12536], "centroid": [-3.47328844827586, 0.3275945626206897, -7.5278815517241355], "id": "a6d560508fb2fe2858dda0079c7c30f2", "numVertices": 58, "min": [-5.26716, 0.0, -13.036]}
