{"max": [-0.0183053, 0.0042, -0.0532186], "centroid": [-0.04880937705882339, -0.005309682669425404, -0.15689837764705875], "id": "d4c492d7076b1e6160eeb9e113ae7397", "numVertices": 340, "min": [-0.0790947, -0.0132951, -0.2703]}
