{"max": [0.300123, 0.243716, 0.082098], "centroid": [0.15523333827160482, 0.028034999259259244, -0.13946639256790125], "id": "283a115028fffe6e4e67e2e8459ebde", "numVertices": 405, "min": [0.0, 0.0, -0.240929]}
