{"max": [0.287704, 0.234748, 0.06921], "centroid": [0.1502113461628781, 0.031651555383244094, -0.08008659976947431], "id": "1b67b4bfed6688ba5b22feddf58c05e1", "numVertices": 1683, "min": [-8.8e-05, 0.0, -0.2301]}
