{"max": [9.8373e-05, 0.0774, 1.19983], "centroid": [-0.1370239660130435, 0.036084807256521724, 0.44865000332608695], "id": "5c55e6b6708f730d758f6def7204bd6b", "numVertices": 230, "min": [-0.267672, -0.00067651, -0.219615]}
