{"max": [1.24206e-05, 0.126172, 0.756218], "centroid": [-0.1327579224104195, 0.039178637202469856, 0.3486417138651816], "id": "d041334fe322ed211082f2ea630bf69e", "numVertices": 42619, "min": [-0.265482, 0.0, 0.0]}
