{"max": [0.347745, 0.115694, 0.207817], "centroid": [0.20211723269091797, 0.023352444527631928, 0.12968422531920076], "id": "464edfe14e9fa45c3394926146371698", "numVertices": 4151, "min": [0.0775453, -0.00989999, 0.0243256]}
