{"max": [0.946981, 0.0513604, 2.11713], "centroid": [0.8044917019635346, -0.005519180295652172, 1.7648207152875166], "id": "58ae991bd0350810b9ac379f661f5c75", "numVertices": 1426, "min": [0.670046, -0.0392544, 1.4145]}
