{"max": [-3.90942, 0.228328, 4.67262], "centroid": [-4.081792020202023, 0.02613731808080807, 4.508607373737372], "id": "22389f9c3c049ce757c29983a611b1c6", "numVertices": 198, "min": [-4.26061, 0.0, 4.32459]}
