{"max": [0.0, 0.01, 0.0], "centroid": [-0.12272614877192982, 0.0049707602339181325, -0.3333890494853807], "id": "55f0e38a64ba2c2d813b65629a36678", "numVertices": 342, "min": [-0.245452, 0.0, -0.984064]}
