{"max": [3.08642, 1.05673, 6.47058], "centroid": [1.4240202192156892, -0.5516447768627435, -0.7463809411764785], "id": "994dc9307a0f228e30eaaf40a8a562c1", "numVertices": 2040, "min": [-0.233775, -1.18727, -7.68978]}
