{"max": [0.277809, 0.143024, 1.08], "centroid": [0.1389060766552882, 0.07647126986825616, 0.43093792203636266], "id": "113783f51974426b92ba7d308c045fd8", "numVertices": 29592, "min": [0.0, 1.60793e-06, 0.0]}
