{"max": [-20.5382, 1.45891, 35.2115], "centroid": [-24.582777011041255, -1.7401304640693909, 19.180930276025297], "id": "380433d04091e04d3270ed754ff7ec06", "numVertices": 10144, "min": [-28.6138, -3.46493, 3.15612]}
