{"max": [0.015706, 3.06488, 3.83765], "centroid": [-2.2148434583533048, 0.5040826516474963, 2.0454800028900357], "id": "5085268208bb23ba7b037ded105df073", "numVertices": 2519, "min": [-5.39241, 0.0, -0.025777]}
