{"max": [0.0, 0.682395, 0.0], "centroid": [-0.47267786521440985, 0.27166426776155483, -1.949924473255325], "id": "c7482cb7a8db514921cafafd7e7949c7", "numVertices": 15881, "min": [-0.8968, -1.49012e-08, -3.89782]}
