{"max": [0.220468, 0.252965, 0.310219], "centroid": [-0.033939027279411796, 0.022355849926470564, 0.1501604045588237], "id": "1be64c0aded473d38ca8637757ac3f67", "numVertices": 272, "min": [-0.259629, -0.0015875, -0.104366]}
