{"max": [-2.61697, 0.645, 3.76954], "centroid": [-3.777512854133261, -0.2854719865910944, -0.701011866833865], "id": "8310154df085baf3e3cfaa4e6977fab6", "numVertices": 9968, "min": [-4.93696, -0.890353, -5.17046]}
