{"max": [11.5133, 8.48243, 12.9481], "centroid": [9.729114047050778, 6.0201462870780915, 1.4461547950903653], "id": "d303055e96cd59949da15808191f1405", "numVertices": 2933, "min": [2.72148, 4.20937, -12.4746]}
