{"max": [0.0, 0.152846, 3.33562], "centroid": [-0.43700691485944043, -0.2084586627309235, 1.374338125702813], "id": "48bf45bffab55d7cf14c37b285d25cdf", "numVertices": 498, "min": [-0.874014, -0.382657, -0.593436]}
