{"max": [0.206384, 0.0501168, 0.0], "centroid": [0.10197485915628934, 0.026017091559464117, -0.3971845906441088], "id": "c0280aaad5473e8398c63cb68f11df34", "numVertices": 4031, "min": [0.0, 0.0, -0.814175]}
