{"max": [0.138991, 0.0142333, 0.0], "centroid": [7.927068729581865e-05, -0.04232294289115558, -0.5046347761198863], "id": "ccc91585d5d614a3ad3e04762b7c31c", "numVertices": 31164, "min": [-0.138817, -0.114184, -1.01317]}
