{"max": [0.00224135, 0.0443039, 0.674665], "centroid": [-0.08761736700596177, -0.03991103529840737, 0.3305011849935141], "id": "c8aed131dd905c6e1082f2ea630bf69e", "numVertices": 38814, "min": [-0.180674, -0.0720285, -0.000195758]}
