{"max": [34.1848, 6.91398, 34.8351], "centroid": [27.86422093728913, 2.4198981812706086, 19.74146741571138], "id": "39c8a4798087be3e20d56eaf7c8da531", "numVertices": 5932, "min": [21.7546, -0.060205, 4.92362]}
