{"max": [0.714848, 0.0692507, 1.09005], "centroid": [0.5418327090909094, -0.04169849220606058, 0.1961479454545457], "id": "6e76a333d9fc9a2972e15b580d9a5b3", "numVertices": 165, "min": [0.305429, -0.141358, -0.597195]}
