{"max": [0.021254, 0.132131, -0.994326], "centroid": [-0.09494627834353586, 0.04425704214606261, -1.414969181966543], "id": "a1d36f02d20d18db6a2979228046d9f9", "numVertices": 4902, "min": [-0.211147, 0.0, -1.84186]}
