{"max": [15.4118, 6.31598, 3.52922], "centroid": [7.342615340846774, 0.2804949646261351, -4.841692743957935], "id": "151fccb37c2d51b0b82fa571a1cdbf24", "numVertices": 25199, "min": [0.0, -0.593341, -9.70463]}
