{"max": [0.00970793, 0.275367, 0.33311], "centroid": [-0.17823680169860082, 0.03553901066691107, 0.1990344294767872], "id": "1ce087aba42caa73b8152979f6537fad", "numVertices": 5428, "min": [-0.333458, 0.00635, 0.026857]}
