{"max": [0.426006, 0.0814521, 2.19138], "centroid": [0.32093924358243037, 0.020543486999429487, 1.8236759555048443], "id": "bdfa2c97ef7089d6b267718342f3f316", "numVertices": 1753, "min": [0.206931, 0.0, 1.42938]}
