{"max": [-0.826766, 0.392112, 0.853652], "centroid": [-1.036326497937783, 0.14984365442654957, 0.7572808644511467], "id": "18fdfff5acc4eb28e2720b34eb9e71b9", "numVertices": 12608, "min": [-1.24123, -0.000127, 0.429663]}
