{"max": [20.3399, 11.9666, 7.28452], "centroid": [11.408127999999994, 1.4156898370370397, 2.4862920444444434], "id": "229f440bbd8f5482355323b019d9d87e", "numVertices": 135, "min": [3.19487, 0.0, -8.03168]}
