{"max": [-95.2045, 25.65, 55.144], "centroid": [-141.8973858585858, 2.780730787878787, 25.50281464646465], "id": "2c697db8a982242d54a8d8e3b6972768", "numVertices": 99, "min": [-161.184, -1.0, 2.48236]}
