{"max": [-5.24848, 8.48995, -1.34974], "centroid": [-9.499311191919201, 0.5617551709090364, -3.9863553569023], "id": "2211a40cc77a085362c091e763f81d3", "numVertices": 5940, "min": [-14.409, 0.0, -9.35687]}
