{"max": [-0.63745, 0.19874, -2.47907], "centroid": [-0.8255234020329518, 0.08401188525446678, -3.116431145285633], "id": "48f26ddc704fec2f379c6a1d59ef7283", "numVertices": 11412, "min": [-1.01363, 0.0, -3.75377]}
