{"max": [-18.4303, 0.185184, -11.2961], "centroid": [-18.59229155470229, 0.03140993123959466, -11.870051604058052], "id": "b140249e4615f0db6d8b6ba513969afe", "numVertices": 3647, "min": [-18.7542, -0.0399331, -12.4442]}
