{"max": [0.0, 0.1524, 0.1524], "centroid": [-0.14578757592592587, 0.032673249074073867, 0.0811392699074075], "id": "490245e63baf78fb1bf5877a865437f7", "numVertices": 216, "min": [-0.3048, 0.0, 0.0]}
