{"max": [0.0, 0.06584, 0.777303], "centroid": [-0.0967697603585659, 0.0035395625099601397, 0.3793060896414346], "id": "515f3fab6bee0c40de82f1e4605731da", "numVertices": 502, "min": [-0.2, -0.00500001, 0.010121]}
