{"max": [1.91016, 10.6077, 23.6743], "centroid": [-3.24746546741482, 2.8657866503661755, 19.044312516156893], "id": "13f5cbc78856f977927930e64238782e", "numVertices": 4642, "min": [-14.3698, 0.0, 12.0143]}
