{"max": [-0.759216, 0.125717, 2.47859], "centroid": [-0.8622269828990217, 0.03530485209934864, 2.1156105374592733], "id": "484a49065ab1430624256fd51423318f", "numVertices": 2456, "min": [-0.965444, -0.00736729, 1.71664]}
