{"max": [1.01318, 0.013141, 1.11522], "centroid": [0.8843424379180111, -0.08808957465271826, 0.5541857518435879], "id": "792953b4101753c6ed3696d854eee1ec", "numVertices": 11662, "min": [0.67725, -0.121185, -0.001957]}
