{"max": [0.157936, 0.0442997, 0.223787], "centroid": [0.12079009655421549, 0.022401956289156803, 0.09926800599228887], "id": "c171d90db4c4ba56cdb1768065dafd0c", "numVertices": 4150, "min": [0.0903026, 0.00264411, -0.0136594]}
