{"max": [-1.95225, 10.9606, 0.0], "centroid": [-4.839122532467533, 7.390960064935052, -2.2767038961038972], "id": "3909e96930cb1e32a4f2e5eab55eddea", "numVertices": 154, "min": [-7.76885, 7.05534, -5.1562]}
