{"max": [-0.693663, 0.3175, 1.03417], "centroid": [-0.9235309666666669, 0.03894666222222231, 0.9024646555555548], "id": "25bc168b214b54799e28e9cf32e5157", "numVertices": 90, "min": [-1.16356, 0.0, 0.686551]}
