{"max": [0.0, 0.446208, 0.746046], "centroid": [-0.7539740770042174, 0.023745162025316444, 0.337458775105485], "id": "39e61115ba9df4d3cf75707bd872e2b3", "numVertices": 474, "min": [-0.81507, 0.0, 0.0]}
