{"max": [0.223685, 0.1316, -0.0720423], "centroid": [0.04967121064705264, -0.1213409973356072, -0.14782557084088244], "id": "3f45cde6f7a13138e256fb3794905772", "numVertices": 9383, "min": [-0.141315, -0.1334, -0.324042]}
