{"max": [0.0, 2.6871, 4.70715], "centroid": [-1.2505225835941136, 0.39670801040303333, 2.0955703439284035], "id": "367fbaea8743ec1cc98452c8fce6b43", "numVertices": 2109, "min": [-5.44098, 0.0, 0.0]}
