{"max": [0.661028, 0.46807, 0.663166], "centroid": [0.250399631626868, 0.030218589108053424, 0.24677279150819248], "id": "19117e74b575cdca82555f4c45537277", "numVertices": 11411, "min": [6.75209e-09, 0.0, 0.0]}
