{"max": [-0.173725, 0.119108, 0.913966], "centroid": [-0.29830118483665014, 0.06189017347244364, 0.5019837009943161], "id": "98222a1e5f59f2098745e78dbc45802e", "numVertices": 5632, "min": [-0.423607, -0.000643726, 0.116616]}
