{"max": [-1.1491, 2.75105, 4.36497], "centroid": [-2.885981381578953, 0.38504309852272633, 2.9790762966507285], "id": "1a46d6683450f2dd46c0b76a60ee4644", "numVertices": 1672, "min": [-5.54851, 0.0, 0.867353]}
