{"max": [0.454282, 0.639763, 1.48636], "centroid": [0.3010663944954126, 0.6363181834862389, 1.3845322935779816], "id": "129237ff9e4f5d5c95b5eddcdeed8f43", "numVertices": 109, "min": [0.149482, 0.62865, 1.28316]}
