{"max": [-2.8914, 0.975451, 6.94846], "centroid": [-3.441689591836736, 0.8114722789115651, 4.736250272108845], "id": "1e5fd1de723cc66cbb1ed6d4d8526a19", "numVertices": 147, "min": [-4.0852, 0.593684, 2.71254]}
