{"max": [-1.61586, 0.1524, 2.48726], "centroid": [-1.8889129440389307, 0.06998537372262792, 1.2560408905109512], "id": "26cd3bfcef1e254f82b02baba7166175", "numVertices": 822, "min": [-2.16196, -0.00635, 0.163158]}
