{"max": [2.27323, 0.984498, -1.16252], "centroid": [2.161420304186772, 0.9187157618139001, -1.5348124873723035], "id": "5fba47ad66c45cd113314092564c13fd", "numVertices": 17818, "min": [2.05014, 0.876524, -1.89736]}
