{"max": [-18.3123, 7.67756, 0.0], "centroid": [-21.42714851485149, 4.6028694059406, -1.4436264653465378], "id": "4f3575df3821e08c466909b3e9553909", "numVertices": 202, "min": [-24.2051, 4.21046, -3.8354]}
