{"max": [-0.4191, 2.75341, 3.72435], "centroid": [-3.104903857451409, 0.2029859104967601, 1.480806215982718], "id": "247012532a6342f424afdcb79b0329d8", "numVertices": 463, "min": [-4.6609, 0.0, 0.0]}
