{"max": [-0.815478, -12.4522, 0.554156], "centroid": [-1.372213494004796, -13.020756594724228, 0.0504272708633095], "id": "25f391ae823c118963439329667c7723", "numVertices": 417, "min": [-2.03468, -13.3864, -1.12395]}
