{"max": [-4.42574, 7.3914, 11.9484], "centroid": [-9.120463241758246, 3.0140081538461514, 10.63690076923076], "id": "517de75577ac6e8a42b9615216f9a30d", "numVertices": 182, "min": [-15.6017, 0.0, 1.54706]}
