{"max": [2.09603, 1.64109, 1.25764], "centroid": [1.1029277130259365, 0.8428499654178675, -1.6929016040634002], "id": "571dd1b4d09773c5bbe43d356df0e955", "numVertices": 347, "min": [0.0, 0.197825, -4.62962]}
