{"max": [8.07689, 1.05673, 4.60721], "centroid": [5.997182619949223, -0.8617001720812132, -2.59853844185233], "id": "79288e2c98c7be7c6e72f8cfa29d3672", "numVertices": 150587, "min": [3.85917, -1.54932, -9.55314]}
