{"max": [0.378048, 0.0473521, -0.187196], "centroid": [0.21001255427514642, 0.004961034090976337, -0.7272076008875797], "id": "234b2d3aae0b3c44b17369c768229699", "numVertices": 6760, "min": [0.0419769, -0.0306375, -1.26656]}
