{"max": [0.819994, 0.0363553, 2.43559], "centroid": [0.7215908504672887, 0.01795839729205608, 2.029114626168225], "id": "c190e478faaca09baaf812076502792", "numVertices": 428, "min": [0.614283, -0.00476189, 1.62264]}
