{"max": [-0.384023, 21.2362, 11.2347], "centroid": [-12.247092108229051, 2.4479426351981037, 0.8595515122907459], "id": "4bacb1694e86005afb6e846333373df8", "numVertices": 19893, "min": [-22.6471, 0.9398, -11.259]}
