{"max": [0.350514, 0.245088, 0.0], "centroid": [0.1746069804108939, 0.04003725465838484, -0.17176300286669882], "id": "32ab7469a9c4bb584ae6254ab33d9f52", "numVertices": 2093, "min": [0.0, 0.0, -0.352502]}
