{"max": [0.288817, 0.164615, 0.993874], "centroid": [0.14937219531795534, 0.06927250120982975, 0.49693706398175697], "id": "871516a54b6c8689615c01c6c616fbc8", "numVertices": 29816, "min": [0.0110088, 8.00472e-07, 0.0]}
