{"max": [0.0, 0.117344, 0.0], "centroid": [-0.13891499894285247, 0.06864408220760429, -0.5111742554913626], "id": "bebaf2c5077b901e92ba7d308c045fd8", "numVertices": 29813, "min": [-0.277809, 4.91738e-07, -1.0188]}
