{"max": [0.0, 0.613375, 0.818835], "centroid": [-0.49857099999999993, 0.192127, 0.5268396000000001], "id": "11654b536fd6ed67616b0fada7303ece", "numVertices": 20, "min": [-1.0, 0.0, 0.0]}
