{"max": [1.116, 0.29422, 10.6912], "centroid": [-0.3742197375355049, -0.6268489647670139, 3.9276464809935523], "id": "94fc692e0518c0b0537d393009a79347", "numVertices": 16547, "min": [-1.86, -1.33567, -3.6112]}
