{"max": [-0.00045374, 0.885119, 8.19053], "centroid": [-0.8299947108134479, 0.5018644020031973, 5.981769450320521], "id": "90210ee9fd29275dcadc0bfc31415370", "numVertices": 12480, "min": [-1.65962, 0.360277, 3.87621]}
