{"max": [1.79701, 0.347259, 10.3019], "centroid": [1.4379476769911494, 0.19976885840707942, 9.15648617256638], "id": "1d527bbed4d12817fa3bb91f4e3cd35f", "numVertices": 904, "min": [1.05291, 0.0, 8.01285]}
