{"max": [-1.50128, 1.15199, 0.546989], "centroid": [-2.2582717689216953, 0.17944447974806502, 0.05143431458355958], "id": "2ce3a50ca6087f30d8e007cc6755cce9", "numVertices": 9209, "min": [-5.7121, 0.0, -1.14562]}
