{"max": [-0.297981, 1.0608, 8.19626], "centroid": [-1.2099808714285711, 0.9071684142857146, 4.584941571428573], "id": "1ad8d7573dc57ebc247a956ed3779e34", "numVertices": 140, "min": [-2.12198, 0.792209, 1.03323]}
