{"max": [0.0162773, 0.122196, 0.738369], "centroid": [-0.11026627634579039, 0.03951979735621741, 0.3438215100497012], "id": "619b49bae27807fb1082f2ea630bf69e", "numVertices": 42861, "min": [-0.237081, -0.00010965, 0.00651043]}
