{"max": [-0.0930048, 0.162179, -2.62053], "centroid": [-0.16422906480086125, 0.07336476318622188, -2.9378213670613627], "id": "cf04a6f4312be2c0d6f39b72607d85d7", "numVertices": 929, "min": [-0.239055, 0.041084, -3.28275]}
