{"max": [0.495863, 0.49, 0.401847], "centroid": [0.047730403669724863, 0.026110763278287465, 0.34166416146789036], "id": "4573c3dc7525a4754145b5f47fac09a5", "numVertices": 327, "min": [-0.374137, -0.0030161, -0.11301]}
