{"max": [-4.11415, 6.9673, 14.2148], "centroid": [-12.563548758530962, -0.3294394355541117, 8.869689096522563], "id": "1dc28ae9dcfc3d773487ed70d4534caf", "numVertices": 3077, "min": [-16.5677, -1.02381, 2.42522]}
