{"max": [-0.0479923, 0.227904, 0.332872], "centroid": [-0.22956663430857338, 0.023897689712312428, 0.18149802258123665], "id": "1f507b26c31ae69be42930af58a36dce", "numVertices": 16372, "min": [-0.381892, 0.0, 0.0166801]}
