{"max": [0.0, 0.119579, 0.0], "centroid": [-0.09912532538394869, 0.04300704938471734, -0.3899077686401696], "id": "7a8b7d5d288742546fee3d712d650ac2", "numVertices": 18164, "min": [-0.2, 0.0, -0.78]}
