{"max": [-20.4798, 1.143, 4.37473], "centroid": [-21.6892147410358, 0.25453214007968045, 4.2581553745019995], "id": "30cd08287b6ddeadb275781e0d014d27", "numVertices": 2510, "min": [-22.4483, -0.00635, 3.04255]}
