{"max": [0.0, 2.66224, 49.9459], "centroid": [-11.709419559008682, -2.791923051927609, 25.054186064516077], "id": "563569e15313d7eb89e13811ad04f53f", "numVertices": 2542, "min": [-24.3761, -4.90555, 0.0]}
