{"max": [-2.79244, 67.7958, 89.4259], "centroid": [-50.93991128205131, 8.04256448717948, 53.84562228205133], "id": "1ce688d90a2010a69718283200011d2a", "numVertices": 156, "min": [-93.884, 0.0, 0.866319]}
