{"max": [-1.64195, 0.891541, -0.259085], "centroid": [-2.1670000088324692, 0.5865748561502712, -2.5011408066890657], "id": "36221454034311a4fcaae723fa352fe6", "numVertices": 16983, "min": [-2.69209, 0.319078, -4.73946]}
