{"max": [0.350197, 0.226308, 0.344765], "centroid": [0.1675911914029291, 0.01773191478507328, 0.18487626348606565], "id": "34715b469341fd4ce4b68d3b17c43658", "numVertices": 10585, "min": [-0.007903, -0.008753, 0.009176]}
