{"max": [1.59289, 1.16997, 2.43369], "centroid": [0.6498748394736854, 0.6026240459868396, 2.14137135526316], "id": "2c61f0ba3236fe356dae27c417fa89b", "numVertices": 912, "min": [-0.185107, 0.0, 0.169034]}
