{"max": [1.06217, 0.156665, -1.43571], "centroid": [0.8845591874345183, 0.03864771302383327, -2.157073267658684], "id": "344e9402d06bd94031145076011658c5", "numVertices": 19084, "min": [0.71266, -0.0365125, -2.85734]}
