{"max": [-0.0479379, 0.0779522, 1.04593], "centroid": [-0.12664263776082488, 0.029320930076284422, 0.7661186024231552], "id": "99130967461623c37ca71234c2ec5470", "numVertices": 4457, "min": [-0.206938, 0.00592142, 0.483408]}
