{"max": [0.76835, 0.03175, 2.16217], "centroid": [0.4326965813236121, -0.02338785579360626, 0.8790763813516548], "id": "35c281c44b5ee115f62521393bb9c2f6", "numVertices": 1783, "min": [0.0, -0.127334, -0.384175]}
