{"max": [-3.53774e-12, 14069.4, 13645.9], "centroid": [-25277.648001760685, -7958.898505633817, -99978.04057042244], "id": "70c8f82bf6a6fef2db8b0e67801ff73a", "numVertices": 1136, "min": [-52268.6, -14325.6, -213937.0]}
