{"max": [0.106161, 0.18415, 2.4892], "centroid": [-2.53656480169014, -0.47030214929577446, -4.595176410140854], "id": "732270ac7e23d610e62bec48c266b5c6", "numVertices": 355, "min": [-5.18974, -1.53085, -11.5062]}
