{"max": [0.0, 0.295205, 0.33224], "centroid": [-0.17300131569343058, 0.09706484489051102, 0.2151861733576643], "id": "48e07903fe5057a1d7289d94a5c9ea3f", "numVertices": 548, "min": [-0.350176, 0.0, 0.0]}
