{"max": [-1.05539, 0.110674, 1.07935], "centroid": [-1.1626976812977108, 0.04824117287022945, 0.666075262404581], "id": "9d79847df77172f5ee8f98672c31bd1", "numVertices": 1048, "min": [-1.26735, 0.0, 0.267604]}
