{"max": [-0.135817, 0.154954, 0.221905], "centroid": [-0.2664382302452319, 0.026804332094182995, 0.16143449482288835], "id": "3237f5cd4bca555955357c338ec9641", "numVertices": 1468, "min": [-0.399721, 3.63565e-07, 0.028252]}
