{"max": [0.0, 0.268537, 0.356341], "centroid": [-0.27978871698477115, 0.032464278167422735, 0.19377124491179706], "id": "3b2db36aaa2546b99c7c402f274622c", "numVertices": 11689, "min": [-0.5, -0.0122838, 0.0]}
