{"max": [-3.72503, 0.230768, 2.85005], "centroid": [-3.8736208602150524, 0.06330098387096776, 2.7249154838709684], "id": "3934cb69fe3584ef8f6cc6fefa15515a", "numVertices": 93, "min": [-4.02221, 0.0, 2.56294]}
