{"max": [-0.209992, 0.01, -0.131464], "centroid": [-0.32499165306122446, 0.005000000000000003, -0.5069939387755102], "id": "a34d794cd11272512cba79096b49c1aa", "numVertices": 98, "min": [-0.439992, 0.0, -0.870132]}
