{"max": [1.89949, 0.112712, 4.50412], "centroid": [1.741859088286217, 0.04127378633352601, 3.9174315464512386], "id": "776eaffd7cbe7bc6b9e8bdc9c4a49aa2", "numVertices": 1733, "min": [1.58199, -0.000279832, 3.35874]}
