{"max": [-1.46542, 11.62, 8.06477], "centroid": [-12.473852436974791, 3.657951092436974, 3.507651386554626], "id": "2da650d7d946a4f04b7717340dfa57ba", "numVertices": 119, "min": [-25.8554, 0.0, -10.1152]}
