{"max": [-2.04208, 0.285235, 1.56698], "centroid": [-2.230881394984325, 0.23879938871473336, 0.7793818905015654], "id": "1c8d5e05c3faa05861be5ced44bc18ac", "numVertices": 638, "min": [-2.41773, 0.15495, 0.00789341]}
