{"max": [0.0166471, 4.43143, 4.37676], "centroid": [-2.837959353791605, 1.0858870565980359, 3.0009669859719863], "id": "234155f4192ecf3da97e5dec8972a635", "numVertices": 2284, "min": [-6.45001, -0.10795, -0.0206375]}
