{"max": [0.851406, -0.583119, 1.64724], "centroid": [0.4761142472619294, -0.7851781434935808, 0.14001918080564393], "id": "937c41b3d0d3a87fad1f278e1513f3b7", "numVertices": 5387, "min": [0.102344, -0.936253, -1.3838]}
