{"max": [10.9651, 6.64022, 13.773], "centroid": [-4.0445620796460195, 1.9947213539823003, -0.08203796460176893], "id": "26ad81059039dfcca3e30e62a8e6f77f", "numVertices": 113, "min": [-21.0949, 0.0, -15.127]}
