{"max": [2.85902, 0.0919, -1.03756], "centroid": [1.3427853979848856, -0.005800095717884384, -1.9173738706968921], "id": "8b93703a2046ddf5519438329ccc67e5", "numVertices": 1191, "min": [0.158924, -0.31557, -2.92143]}
