{"max": [0.194421, 0.0102312, -0.0111631], "centroid": [0.08738478664522911, -0.0448859765312818, -0.4120480090440913], "id": "8ae2871e13786052f42b80606c2f3752", "numVertices": 21362, "min": [-0.0187486, -0.0794592, -0.755881]}
