{"max": [2.7508, 3.14621, 27.337], "centroid": [0.6482659461275274, 1.0149094404665602, 17.453528958009333], "id": "55da5b37f4fca69947d4c8697a40872", "numVertices": 643, "min": [-17.4219, 0.0, 2.73805]}
