{"max": [-0.332153, 2.03086, 4.0171], "centroid": [-2.3018514864864867, 0.2538031351351352, 2.0280925270270265], "id": "2777dfcee7d0f364b0d7b0d4230df8ca", "numVertices": 74, "min": [-4.02215, 0.0, 0.256893]}
