{"max": [0.0, 7.49, 9.74], "centroid": [-4.834968253386451, 2.916112988047804, 8.643504564143374], "id": "17069b6604fc28bfa2f5beb253216d5b", "numVertices": 1255, "min": [-9.71, 0.0, 0.0]}
