{"max": [-1.05864, 0.449823, -0.644533], "centroid": [-1.5093696616885135, 0.050714403337396775, -1.5201260280402333], "id": "4504a4d244d05ddbf5f79806bd65844f", "numVertices": 6562, "min": [-2.08957, 0.015869, -1.8295]}
