{"max": [0.1905, 0.114461, 0.353799], "centroid": [0.09979486679468234, 0.032888686351550914, 0.0060701011816836105], "id": "c4b7db8e09375b4d6830ad3775f4cffc", "numVertices": 1354, "min": [0.0, 0.0, -0.3556]}
