{"max": [0.125503, 0.28232, 0.0813331], "centroid": [-0.19273703264538866, 0.07664234022737083, -0.033060492037603854], "id": "2416c2fcbae368a7b95c83f902f3aac0", "numVertices": 2287, "min": [-0.366, 0.0, -0.265]}
