{"max": [-1.42144, 0.336464, 2.41254], "centroid": [-1.735302072649572, 0.0314504127777781, 2.227138600427353], "id": "2f9cc3e20647ebb1cb8118818e564f96", "numVertices": 936, "min": [-2.06138, 0.0, 2.07371]}
