{"max": [-0.596384, 2.98118, 0.587414], "centroid": [-2.20883623564646, 2.2134416099342498, -5.332539292001162], "id": "4473c1e89500747b5cc36f190f62c41", "numVertices": 6845, "min": [-3.83668, 1.33821, -11.0427]}
