{"max": [-0.00273426, 0.362798, 0.412565], "centroid": [-0.2517496518750002, 0.06098163238226754, 0.18529036557936107], "id": "42f71a2df30eabb1b8183a4a81361b94", "numVertices": 1376, "min": [-0.545659, 0.0, -0.00386842]}
