{"max": [0.0, 2.75849, 3.4836], "centroid": [-3.859518225624345, 0.5989299881027516, 1.718417913943819], "id": "33b46231ff0ac2e46c8f71c9d7a79dc1", "numVertices": 1922, "min": [-5.38374, -0.233669, -1.69936]}
