{"max": [-0.312721, 0.856484, 1.35678], "centroid": [-0.5457325553809903, 0.4493488987431267, 0.6482911820895535], "id": "11aaf89382b3a4de983ec12a2b33f18b", "numVertices": 1273, "min": [-0.777128, 0.0798408, 0.078486]}
