{"max": [0.136747, 0.0176964, 0.63303], "centroid": [-0.013459970298893006, -0.05556739183483299, 0.23734038884870856], "id": "2785d91a40cd41a659c9250a427b57f", "numVertices": 2710, "min": [-0.137739, -0.0881633, -0.143365]}
