{"max": [98.1436, 0.0, -1.74329], "centroid": [82.39683275862069, -0.7817931034482759, -58.990254827586206], "id": "980af78085bffb43d790b0d3f0ce898d", "numVertices": 58, "min": [67.4042, -1.744, -111.869]}
