{"max": [2.12869, 4.95702, 2.31762], "centroid": [-0.3988868208421748, 1.8878588328912402, 0.24757425411140613], "id": "2cafa6107fff001f7a470f4d014a755f", "numVertices": 754, "min": [-2.80541, 1.602, -1.0033]}
