{"max": [-5.63496, 0.331714, -1.63464], "centroid": [-5.790036700313963, 0.1672455018094811, -2.2428432660385846], "id": "11abd8b2227a9031e65449686a784d77", "numVertices": 13374, "min": [-5.93604, 0.0892985, -2.8379]}
