{"max": [-3.15217, 8.47124, 23.8483], "centroid": [-10.07080578317619, 0.9189723564176928, 18.65377034082672], "id": "40e0263822860cc5d69e26904fa68e7f", "numVertices": 2758, "min": [-15.3442, 0.159448, 12.6094]}
