{"max": [9.31145, 0.0912694, -0.070119], "centroid": [9.203854952651655, 0.008044855828219673, -0.4848426673295456], "id": "58ab8327f188e0a063381d3d7e871939", "numVertices": 2112, "min": [9.09603, -0.035325, -0.903627]}
