{"max": [0.416252, 1.69396, 4.02326], "centroid": [-0.7173700393746413, 0.7409352693883665, 0.9081252902963631], "id": "54b9d9a3565820e17f267bbeffb219aa", "numVertices": 10170, "min": [-1.69324, -0.223837, -2.20036]}
