{"max": [8.17831, 5.3392, 8.57672], "centroid": [3.340910376381111, 1.7662075346412671, -11.574570146419441], "id": "95c69877104059fd1389cf37af584e4b", "numVertices": 13938, "min": [-1.14825, -0.0247328, -31.4826]}
