{"max": [-0.155567, 0.22884, -0.216097], "centroid": [-0.3693086625891944, 0.013755361121304798, -0.40137654230377173], "id": "36bf7cd2652ccf48dd42bb2503ef78ef", "numVertices": 1962, "min": [-0.420567, 0.0, -0.476097]}
