{"max": [-2.50423, 0.242447, -0.913518], "centroid": [-2.684574493734044, 0.02057581252634313, -1.0748496361317659], "id": "4a715660d89e097664c908bd136dd7c0", "numVertices": 9017, "min": [-2.87236, 0.0, -1.24566]}
