{"max": [0.00133012, 0.458012, -0.0336581], "centroid": [-0.23257220954151359, 0.15778899745972755, -0.07357820353159981], "id": "21c0187bf2174c1684c4330348773d0a", "numVertices": 1614, "min": [-0.641493, 0.0, -0.468233]}
