{"max": [0.0105713, 0.0344026, 0.762797], "centroid": [-0.11792347361152394, -0.03779536573191732, 0.3566313192089782], "id": "303555f1c5f4cb0a1082f2ea630bf69e", "numVertices": 43594, "min": [-0.246351, -0.0781589, -0.000298755]}
