{"max": [1.81055, 0.3356, 0.917094], "centroid": [1.5423860680379748, 0.050023104430380126, 0.7953476977848116], "id": "39b54fd684a4ed3e6f0a9a10dc885e17", "numVertices": 1264, "min": [1.26349, 0.0, 0.599894]}
