{"max": [0.0, 0.346034, 0.899506], "centroid": [-0.09968514399999995, 0.26942527826086954, 0.8276547826086955], "id": "2d45f63c9ab71376a1b657e38449a62", "numVertices": 115, "min": [-0.152724, 0.259583, 0.754123]}
