{"max": [-42.2149, 10.2177, 18.5365], "centroid": [-50.002913546299936, 0.7741683344116489, 14.174388552365583], "id": "4e8737495201fa3f71f82dc8af2fe0e0", "numVertices": 2473, "min": [-58.4138, 0.0, 7.14458]}
