{"max": [-2.03346, 0.013141, 16.8667], "centroid": [-2.169758523573183, -0.057762919820100726, 16.30949097394539], "id": "9eb11450fa872445ad8005b08617c09", "numVertices": 6448, "min": [-2.30569, -0.11517, 15.7495]}
