{"max": [-0.000386, 0.186614, 0.239614], "centroid": [-0.11464586133694653, 0.037278670280035404, 0.18690025519421846], "id": "3b2bddb0e8ff57c85831a0624cf5a945", "numVertices": 2214, "min": [-0.228614, 0.0, 0.000831]}
