{"max": [2.02228, 0.9144, -1.65193], "centroid": [1.454913877110697, 0.04424617607363972, -1.9700713930581462], "id": "1d66c26055573243a0efaa0482f35281", "numVertices": 2132, "min": [0.742759, -0.0261101, -2.59447]}
