{"max": [-1.8238, 0.574099, -1.35781], "centroid": [-2.111369666666666, 0.1848645866666666, -1.5795646666666674], "id": "13330d1e7b199dd82530b9c2b65d3f86", "numVertices": 30, "min": [-2.41435, 0.0, -1.94836]}
