{"max": [-4.78984, 0.230768, -3.61678], "centroid": [-4.938528724832217, 0.07706706114093957, -3.7199134228187916], "id": "39e80a6570002a431181170a86d04637", "numVertices": 149, "min": [-5.08702, 0.0, -3.90389]}
