{"max": [0.124363, 0.243537, 0.266241], "centroid": [-0.06747596261584432, 0.0208381038116575, 0.12132857239162924], "id": "3dc60bce3e8d3ece3077dad41839c251", "numVertices": 6690, "min": [-0.240127, 0.0, -0.0540366]}
