{"max": [2.94424, 4.01121, 3.94999], "centroid": [-0.5044837546265736, 0.15848984803832036, 0.7775325726076838], "id": "47583d8af57c13d94145b5f47fac09a5", "numVertices": 9212, "min": [-3.80135, -0.277622, -2.03901]}
