{"max": [-0.236853, 0.0352007, 0.149127], "centroid": [-0.3645724397435889, -0.010146247365384614, -0.3866070431358977], "id": "ac5b849680f5e3791bb7158ebaf7e1c8", "numVertices": 780, "min": [-0.538433, -0.0447587, -0.889152]}
