{"max": [0.605735, 0.00881279, 0.137973], "centroid": [0.45561849816849753, -0.02762062053479857, -0.3639797594059829], "id": "2026cbe0ebbe1153d975109d955e6652", "numVertices": 1638, "min": [0.274586, -0.0673793, -0.816823]}
