{"max": [0.005, 0.059, 0.185], "centroid": [-0.09975878625454643, -0.024747842029437146, -0.18457457200346367], "id": "710467261256490ce1bed90743417b0c", "numVertices": 5775, "min": [-0.20185, -0.0806983, -0.58]}
