{"max": [0.357609, 0.0154498, -0.164158], "centroid": [0.18413269218146766, -0.03603556206756741, -0.5395152200772196], "id": "d3ff56062272f3e6346e65609be6d72f", "numVertices": 1036, "min": [0.0144171, -0.1016, -0.849308]}
