{"max": [-0.509367, 3.8107, 8.71313], "centroid": [-4.137573064598664, 1.0045311213303518, 4.444569785737137], "id": "241ec8a746dd1cfc78f71a335ebabfa5", "numVertices": 3127, "min": [-7.77786, 0.0, 0.46336]}
