{"max": [0.0, 2.38, 0.0], "centroid": [-2.431034008676782, 0.3873573600867618, -0.2175969732465649], "id": "342150823878f1ec9aeacfc2a1a52243", "numVertices": 1383, "min": [-3.6244, 0.0, -2.8]}
