{"max": [-1.97417, 1.48108, 3.56567], "centroid": [-3.3177392808729365, 0.16256451130765392, 1.573790314432127], "id": "4c7814676c42d67b902e12fe4da5924d", "numVertices": 6049, "min": [-10.3049, -3.0103, -1.16782]}
