{"max": [0.177475, 0.273372, 0.19936], "centroid": [-2.5086956521741293e-05, 0.08166165652173914, 0.014819173913043467], "id": "1d20a8518db7e689f0b97bc9b1844ffd", "numVertices": 46, "min": [-0.177525, 2.54e-05, -0.127475]}
