{"max": [0.0, 0.276225, 0.282575], "centroid": [-0.20814949322033902, 0.03410882655367233, 0.1509661638418083], "id": "195e2a65e5396271bc7eb7ec22211551", "numVertices": 177, "min": [-0.41275, 0.0, 0.0]}
