{"max": [0.0, 0.188513, 0.28425], "centroid": [-0.10000758797777716, 0.02932617599259265, 0.12719281162962895], "id": "29f5cfcef7272f1f640578ae55230ebc", "numVertices": 1350, "min": [-0.2619, 0.0, 0.0]}
