{"max": [-0.978009, 0.371475, -0.281839], "centroid": [-1.2653342465753419, 0.06286744513698617, -0.5925665719178071], "id": "2134ad3fc25a6284193a4c984002ed32", "numVertices": 292, "min": [-1.51141, 0.0, -0.907314]}
