{"max": [0.217565, 0.237721, 0.20325], "centroid": [0.0634677856144781, 0.03974754511784511, 0.07535474183501702], "id": "466ea85bb4653ba3a715ae636b111d77", "numVertices": 1188, "min": [-0.0935845, 0.0, -0.0760392]}
