{"max": [14.3072, -1.97994, 8.76566], "centroid": [12.597258676739939, -2.9455587568681274, 3.109841945283884], "id": "b6074c8d74b58d31ef566954f332b813", "numVertices": 4368, "min": [10.8649, -3.51423, -2.76178]}
