{"max": [-1.94814, 0.242294, 2.58305], "centroid": [-2.291711887096765, -0.021114277254838797, 1.7848387774193546], "id": "1510427efa80c92b11c7049de48f3618", "numVertices": 620, "min": [-2.69084, -0.133389, 0.797128]}
