{"max": [0.00509654, 0.0924668, -0.312542], "centroid": [-0.0711084312624268, 0.04462622506280184, -0.6576134688784997], "id": "ab76bf4b966e3fb5b10029f76a5ab54a", "numVertices": 25047, "min": [-0.147327, 0.000178384, -0.972942]}
