{"max": [0.00314325, 0.199024, 0.261059], "centroid": [-0.19671016118931325, 0.030488077043257088, 0.14238560615776097], "id": "1312ea502b4e9b51701c1f58e22b85e8", "numVertices": 786, "min": [-0.321995, 0.0, -0.00799622]}
