{"max": [-2.05787, 0.191904, 1.26226], "centroid": [-2.2108055935188493, 0.004194617521474677, 0.9825367090524777], "id": "4348768ff9802fc5ce1decf313ece97f", "numVertices": 8517, "min": [-2.40017, -0.000319391, 0.905266]}
