{"max": [-0.538425, 0.2032, 0.240789], "centroid": [-0.6848774933333339, 0.04739405475999978, 0.16644769885333305], "id": "1f8338b068279743f8267dd94d223348", "numVertices": 450, "min": [-0.855925, 0.0, -0.000720319]}
