{"max": [0.282766, 0.220344, 0.0], "centroid": [0.13965531248092833, 0.09038377570948958, -0.44626385077815345], "id": "abdc4a823b1f78c397f47f3057557cbe", "numVertices": 3277, "min": [0.0, 0.0, -0.857584]}
