{"max": [-0.881755, 0.252936, 1.02981], "centroid": [-1.0878960999074945, 0.0741218723404255, 0.8542698219241432], "id": "212bf74d7c711a1634dedfee80b7006", "numVertices": 2162, "min": [-1.28136, -0.003, 0.611546]}
