{"max": [0.00379188, 0.00822707, 0.117851], "centroid": [-0.09770570219512198, -0.03231031902439022, -0.3298530176829269], "id": "36755d38d12e80c0702c58bc53d1e55f", "numVertices": 164, "min": [-0.200633, -0.0960861, -0.782149]}
