{"max": [1.3161, 1.34114, 7.45437], "centroid": [-0.7674728996880175, 0.363654915320346, 6.541828626740957], "id": "461b3592ac4674cbd2079b28d473791b", "numVertices": 3590, "min": [-1.68745, -0.066675, 4.05543]}
