{"max": [1.31079, 0.00635, 0.566655], "centroid": [0.9434335529225883, -0.07631538420221189, -0.18173411372037837], "id": "ac2b6924a60a7a87aa4f69d519551495", "numVertices": 1266, "min": [0.567835, -0.256113, -0.712891]}
