{"max": [0.0, 0.23869, 0.349192], "centroid": [-0.2017329589743589, 0.03178877094017066, 0.1248474598290596], "id": "1d1947a3104bdbf4752cca7e96f0bf86", "numVertices": 585, "min": [-0.38, -0.03, 0.0]}
