{"max": [0.00252832, 0.0760403, 0.0109585], "centroid": [-0.12621831544567536, 0.0025284876589800405, -0.42467597008647506], "id": "10b81426bea7f98b5e38a8a610bb08f5", "numVertices": 902, "min": [-0.254, -0.031944, -0.849064]}
