{"max": [0.0136724, 0.0686692, 0.716307], "centroid": [-0.11934932051998016, -0.042029181215196665, 0.3121837814233047], "id": "393ca71bd734f3071082f2ea630bf69e", "numVertices": 39931, "min": [-0.252498, -0.0780061, -0.000556336]}
