{"max": [7.01, 0.25, 26.205], "centroid": [3.473967306451599, -1.2003885967741943, 11.318669669354836], "id": "97a1800db9a625bc28044fe9244db50a", "numVertices": 496, "min": [0.0, -2.46, -3.505]}
