{"max": [12.2473, 10.1689, -4.4482], "centroid": [4.9329559963636465, 1.5452029890909091, -9.131153684848492], "id": "22367d72d95e021aa458f8df8b43cd95", "numVertices": 825, "min": [-2.11004, 0.0, -15.3338]}
