{"max": [-0.01905, 7.2136, 8.38835], "centroid": [-4.9063279273056075, 2.5670446367088546, 5.0649140625678], "id": "40935d32976b7dd3c8ed5bb8c3ee3317", "numVertices": 1106, "min": [-7.44855, 0.0, 0.0]}
