{"max": [-0.6858, 0.123825, 1.52576], "centroid": [-0.9153519301310047, -0.06374462583406117, 0.5013715801746724], "id": "8f78a26403f09b708b3b3a08d28a7d7c", "numVertices": 458, "min": [-1.1811, -0.160529, -0.499145]}
