{"max": [-1.66926, 0.10795, 5.11228], "centroid": [-1.789682176573425, 0.029059829412587352, 4.741788627622367], "id": "8cea38648128ef1ddc75c30c88b2f7a9", "numVertices": 1144, "min": [-1.91596, -0.00483235, 4.41299]}
