{"max": [6.45373, 4.61806, 15.1453], "centroid": [3.2267605025536263, 1.7582695015321725, -0.5045986772216831], "id": "2085eac3fc071dd47292d1029e5a9853", "numVertices": 1958, "min": [0.0, 0.392238, -16.1545]}
