{"max": [0.0, 0.269055, 0.266026], "centroid": [-0.21388187744075818, 0.05574610325993466, 0.1793427295989827], "id": "298cf1c20abcd641f9f562601150287", "numVertices": 2743, "min": [-0.382, 0.0, 0.0]}
