{"max": [-0.916271, 2.00315, 0.0], "centroid": [-2.163527000000003, 0.22321544385026618, -0.6901298951871655], "id": "1b5ec8c5ca53caa5ad6be7ca8dcfc55b", "numVertices": 187, "min": [-3.28762, 0.0, -2.15289]}
