{"max": [0.0, 1.34892, 0.375512], "centroid": [-0.5963961714396872, 0.12041992040155683, -0.5736988386093413], "id": "3e9af28eb2d6e216a4e3429ccb8eaf16", "numVertices": 1285, "min": [-1.7055, 0.00024103, -1.2212]}
