{"max": [-0.0746371, 0.356928, 0.0967062], "centroid": [-0.3138457397959184, 0.20049260352040812, 0.01006519132653062], "id": "164b84d13b3d4650e096f6db40afe7bf", "numVertices": 196, "min": [-0.615513, 0.0, -0.27855]}
