{"max": [0.0, 0.214562, 0.126984], "centroid": [-0.14890242020424746, 0.01479313903287245, -0.09471167775508503], "id": "4fc3d56243d2d8801ef1ccfaf50f2048", "numVertices": 8710, "min": [-0.301042, -0.00207907, -0.249]}
