{"max": [-4.41315, 0.122859, 10.4717], "centroid": [-4.731660236087676, -0.06818638151770653, 9.437160404721764], "id": "463434d2fcf567d56a93dc68b4021dbb", "numVertices": 593, "min": [-4.99869, -0.165461, 8.18395]}
