{"max": [7.61238e-05, 0.043761, 0.77048], "centroid": [-0.12810841203457551, -0.038631921628520915, 0.353150276935991], "id": "d4c042d11f29dffa1082f2ea630bf69e", "numVertices": 42796, "min": [-0.256942, -0.077619, 0.0]}
