{"max": [-2.97052, 4.57534, 8.53788], "centroid": [-5.320589962511716, 0.48281984170573006, 6.060731251171461], "id": "39778c495baf4bd9ac41b162b25b4656", "numVertices": 2134, "min": [-8.45057, 0.0, 2.72642]}
