{"max": [0.311814, 0.155528, 0.333627], "centroid": [0.12743071487395055, -0.030699905266106393, -0.3316180408963593], "id": "b2dc96e7d45797f69a58f604ee2cbadf", "numVertices": 714, "min": [-0.0628363, -0.0998344, -0.910287]}
