{"max": [0.494887, 0.0205103, 0.628474], "centroid": [0.35604567294347406, -0.042143303760954834, 0.1452908331577171], "id": "aa2c5469590761793c497dcbf6659611", "numVertices": 29686, "min": [0.216178, -0.108628, -0.335387]}
