{"max": [0.226827, 0.322262, 0.185143], "centroid": [-0.012664260092935437, 0.03505848162533495, 0.1626260450669921], "id": "3dd1b4cdc6d3b33f676394b063daab40", "numVertices": 821, "min": [-0.247863, -1.39954e-05, -0.138961]}
