{"max": [-0.336375, 0.31961, 1.26626], "centroid": [-0.4713739893661083, 0.244383014915061, 0.709467830686367], "id": "6867832e7b9d3654aacda7f1c4fd3ea7", "numVertices": 7241, "min": [-0.608684, 0.188296, 0.149045]}
