{"max": [0.00635, 25.44, 32.9058], "centroid": [-15.272345429280861, 0.8185622758083002, 17.754293210837123], "id": "1497a7a1871af20162360e5e854659a", "numVertices": 65392, "min": [-29.2608, -0.05715, 0.0]}
