{"max": [0.38735, 0.222193, 0.105674], "centroid": [0.15060319244444445, 0.06553500277777778, -0.03192744999999998], "id": "2dbabd43fdc9e21ffae724b4e4a1ff51", "numVertices": 18, "min": [-0.00124859, 0.0, -0.201712]}
