{"max": [0.0, 0.2486, 0.26], "centroid": [-0.20053331449472148, 0.028312358873302555, 0.188251788499246], "id": "454a88f4b2fe4472f9cacf0b2853f40", "numVertices": 1326, "min": [-0.361587, -0.00499999, 0.0]}
