{"max": [0.646494, 0.065214, 1.52804], "centroid": [0.3943624067311129, -0.13233343394199765, 0.8275546183315423], "id": "212e0563473156e255483301a044235", "numVertices": 2793, "min": [0.140509, -0.391168, 0.016648]}
