{"max": [1.17092, 0.46361, 0.841019], "centroid": [1.0317687385984438, 0.26392171968853895, 0.7071789021134607], "id": "34913d1dcde913848bd55eee82fc09d6", "numVertices": 899, "min": [0.893921, 0.255, 0.603058]}
