{"max": [0.51435, 0.243669, 0.144349], "centroid": [0.28114276650000025, 0.11381888249999993, 0.04840646130000001], "id": "2d5d4d79cd464298566636e42679cc7f", "numVertices": 200, "min": [0.054737, 0.0, -0.2667]}
