{"max": [13.715, 28.2611, 12.2709], "centroid": [13.573268558951979, 28.110438646288312, 12.098310480349333], "id": "1bb2e873cfbef364cef0dab711014aa8", "numVertices": 458, "min": [13.438, 28.0844, 11.9808]}
