{"max": [0.0047625, 2.96504, 1.73446], "centroid": [-2.7938129811975334, 0.508727034567901, -0.7202864292345691], "id": "125c93cbc6544bd1f9f50a550b8c1cce", "numVertices": 1620, "min": [-5.2959, 0.0, -3.36232]}
