{"max": [0.1, 0.012155, -0.000195], "centroid": [0.05205184572229996, -0.010430441795231395, -0.1995914950911643], "id": "16edf6f6574568723f7198a00163bb6", "numVertices": 713, "min": [0.0, -0.017967, -0.399779]}
