{"max": [2.18182, 0.703499, -5.64397], "centroid": [1.3857662093118612, 0.37878233195989486, -7.597326992171411], "id": "573daccbcfdc94a3cbd54f2dfaecbd51", "numVertices": 7281, "min": [0.60348, 0.0136314, -9.65953]}
