{"max": [0.017388, 1.24763, -2.06303], "centroid": [-0.20263527827191888, 1.0376128551461263, -2.8542696060991126], "id": "52ffc103719ae88ef0f40fbf85e100a", "numVertices": 787, "min": [-0.389239, 0.961833, -3.62987]}
