{"max": [0.0, 0.217093, 0.0977302], "centroid": [-0.17306367942612735, 0.020527121757387044, -0.0698285413631413], "id": "2926c35f9f2b8c7556faf77ac8662d5b", "numVertices": 1286, "min": [-0.36028, 0.0, -0.26]}
