{"max": [0.138817, 0.0309329, 1.09038], "centroid": [-0.0005666423712685625, -0.03418195136227702, 0.5477871091277041], "id": "47bb28c62a245621ad3e04762b7c31c", "numVertices": 29600, "min": [-0.138991, -0.104014, 0.00235904]}
