{"max": [0.0, 0.292382, 0.35071], "centroid": [-0.16523899999999997, 0.05682994516129033, 0.19127212258064508], "id": "37b5e63e9f80e2402052a3b22ea3f616", "numVertices": 62, "min": [-0.3302, 0.0, 0.0]}
