{"max": [-1.28145, 0.328041, -8.06905], "centroid": [-1.4019811166007854, 0.24646527766798332, -8.407635029644277], "id": "a6d79366eefbfa6df9034ea5f524d56a", "numVertices": 1012, "min": [-1.51611, 0.184268, -8.72069]}
