{"max": [0.47795, 0.275, 0.27641], "centroid": [0.29372628102189796, 0.026930816970803167, 0.11257816523722618], "id": "35462b6ea0597bf555e8ddeaf1791474", "numVertices": 1096, "min": [0.111378, 0.0, -0.0488915]}
