{"max": [0.0, 0.8, 0.0], "centroid": [-0.5404105449871462, 0.08108975064267332, -0.2166875228791772], "id": "25192ef0befdd75d291d2d0d560233f4", "numVertices": 389, "min": [-1.09, 0.0, -1.2]}
