{"max": [0.196828, 0.171784, 0.944029], "centroid": [0.09888241615462115, 0.10302367489000414, 0.551058759773723], "id": "570fae86bb5e1843d587b281fa5e7b27", "numVertices": 15910, "min": [0.0, 0.0472458, 0.15665]}
